Country Name,2014,2015,2016,2017,2018,2019,2020,2021,2022,2023,2024
Afghanistan,625.054941813938,565.569730408751,522.082215583898,525.469770891619,491.337221382603,496.6025042585,510.787063366811,356.496214115892,357.261152798144,413.757894705303,
Angola,5649.68762469139,3641.72893919944,2051.81462126253,2790.71886869768,2860.0936483682,2493.67884440177,1759.35619918264,2303.90812662776,3682.1131513698,2916.13663284275,2665.87444776753
Albania,4793.59751131525,4199.53912925398,4457.63412207495,5006.36012951959,5897.65452588774,6069.43903131027,6027.91350716348,7242.45513146613,7756.96188744253,9730.86921906893,11377.7757431099
Andorra,44369.6712976777,38654.95287916,40129.8385811474,40672.9717424447,42819.7577456133,41257.816459345,37361.1070081615,42425.7066454357,42414.0479861228,46812.4261013102,49303.6491674336
United Arab Emirates,52725.2358407934,44910.334995523,42721.0999383185,43733.6192287435,47135.3591943971,45938.6073581994,37991.7492971665,44118.5047192771,50759.7589231191,49850.6872175164,50273.5060469837
Argentina,12233.1444119186,13679.6264980954,12699.9623137756,14532.5009308511,11752.7998922979,9955.97478680428,8535.59938004389,10738.0179223384,13962.1894087223,14261.8465667948,13969.7836603737
Armenia,3852.11800610384,3512.39350276709,3524.42476874707,3869.05373867752,4196.00562301769,4597.22887399548,4268.68093304583,4685.17997128509,6571.97445545099,8159.08720967996,8556.21406956719
Antigua and Barbuda,15532.1062063584,16077.6340769406,16556.8551801588,16965.7288273816,18273.4270684912,18896.3721832248,15369.6082250401,17348.6006987182,20105.1989085164,21494.5474000727,23542.4526945578
Australia,62817.2061751737,56970.3613028094,50084.4440606385,54117.547718609,57410.1737346009,55194.7585097428,51983.4523666382,60758.9044397144,65169.5191118657,65058.3773146674,64603.9856308464
Austria,51314.9722616322,43915.228020857,45061.4993920192,47163.7425775142,51194.0749841299,49885.9947355204,48716.4098900349,53648.6437976214,52336.7725223758,56579.504175468,58268.8787651601
Azerbaijan,7890.84028062087,5500.50364628486,3880.6852276838,4147.1981423222,4739.7943123408,4805.75371765917,4229.91064904503,5408.04535175023,7770.594223351,7133.02838048328,7283.8499076179
Burundi,250.544492155185,254.402585226788,232.937812100153,246.060725714184,245.661678332009,234.31061590725,255.8324539389,264.980379269655,302.992505263552,250.627253097255,219.424830882698
Belgium,47995.7786961339,40893.804537772,41854.5498296444,44035.3239358548,47487.2100392561,46716.6227467964,45906.2875805246,51658.238294958,50605.7496677086,55291.4754541329,56614.5679499036
Benin,1204.39918670094,1002.41886879614,1010.5338961993,1054.97408066814,1151.7409703472,1130.82135339795,1200.19426557789,1318.65158075198,1266.42711031904,1394.17784721831,1485.38018885134
Burkina Faso,764.861675106225,630.124750752312,663.742364842886,709.091535894695,777.465618514048,764.853077774946,825.237038782475,895.535288442991,827.330843486661,873.482589651003,981.992649769081
Bangladesh,1094.46199702838,1224.38647668165,1649.28380858601,1811.08221668646,1965.24372731467,2129.79896954606,2248.85078828233,2482.84917843357,2716.48592780431,2551.01773827307,2593.41611680774
Bulgaria,8069.60005667684,7268.65445473873,7822.49923292968,8696.68930427924,9849.38397225174,10353.7204584127,10760.211975413,12966.1457543396,13999.1949530956,15853.208636704,17596.0173663521
Bahrain,26451.7965647453,23734.0551143019,23800.001440631,24784.7693514607,26324.4066549559,27259.7438599327,24342.8444554718,27147.8083882286,30470.5219276023,29290.1284215098,29653.5682731534
Bosnia and Herzegovina,5206.06573475132,4662.25869219448,4928.5665903114,5345.01978766473,6047.84707207392,6122.37541352353,6130.31187968266,7295.34378682258,7655.59421024383,8663.02326458629,9358.78768951134
Belarus,8341.31809294883,5967.05595058777,5039.77560949445,5785.54491935194,6360.037502312,6837.77339645635,6542.85579976768,7489.71894713888,7994.64806074889,7896.75388295584,8317.63399913792
Belize,6128.12053089077,6154.62264230369,6140.86713919469,6071.85451846453,6011.99036888587,6171.61449761423,5238.54078175696,6142.98930557031,7068.21728043145,7424.75821321022,7681.24400583113
Bolivia,3041.43503162408,2996.01289811344,3035.87347732132,4048.40119739839,4206.8552936661,4203.15492855788,3580.96761778303,4010.76053686204,4219.46113742445,4274.70820547613,4421.16609889999
Brazil,12274.9941630213,8936.1955889444,8836.28546025694,10080.5078722821,9300.66072904004,9029.83304401079,7074.19407495707,7972.53696080695,9281.33282136864,10377.5897719195,10310.5488778166
Barbados,20192.7084081797,20424.2087530019,20295.5672072046,20284.5762052461,21381.2426303209,21912.1501242857,19194.4919736739,21079.6145271791,24387.0387293761,25583.878782727,26544.8707282621
Bhutan,2849.49998647303,2954.04081911097,3152.30905106786,3435.28804735662,3400.20417245342,3576.87987100503,3191.66906999331,3570.61257980872,3711.32767981591,3831.32535494609,
Botswana,7122.36423421503,6141.20394726616,6749.05994339013,7104.96401088027,7407.95940141786,7172.08956480028,6323.2974967659,7807.88794570471,8328.7090572666,7826.35376483298,7695.75319445165
Central African Republic,409.8504859647,366.322853938121,387.176203444318,432.324025684263,455.243962859534,449.228467602439,462.879071294011,492.263142830507,467.359825026238,495.978897288721,516.160999996036
Canada,50960.8431174661,43594.1941045394,42314.0615817218,45129.628116623,46539.1761570405,46352.8693445211,43537.839298904,52886.6616372703,56256.8007264015,54220.3285039875,54340.3477224733
Switzerland,88724.9909402638,83806.4476003837,82153.0745447889,82254.3769269767,85217.3691512274,84121.9310304414,85897.7843338323,93664.7736696111,94394.5106803525,100623.549627296,103998.186685604
Chile,14529.6767206336,13433.9202987032,13649.8520452803,14879.9086227187,15659.4808675628,14495.716721687,13114.815470545,16206.8325493421,15405.6165774073,17067.0364799154,16709.8893972307
China,7781.06597484974,8175.33285077393,8254.86859320357,8979.67652709856,10085.6638148819,10342.9009524335,10627.4637989619,12887.4357242941,12970.6056414327,12951.1782397043,13303.1481543868
Cameroon,1649.4433905949,1415.00009710569,1441.7201725688,1496.08951771242,1610.69641591017,1555.22660476477,1555.60370660749,1672.32657340872,1604.87726954895,1720.47510154506,1830.00833684727
Colombia,8187.20824890084,6248.51490534512,5959.84250367574,6479.53231292429,6816.96818309544,6472.54544924705,5339.68711357943,6222.62164397614,6680.44506854481,7000.83660501046,7919.20886825345
Comoros,1615.71723662012,1329.37048235986,1365.48403444497,1423.9248027797,1527.40527125285,1510.23218151592,1519.34665556206,1554.97289190153,1465.479642862,1560.27378476855,1662.75663312504
Cabo Verde,3985.60706548134,3415.06266730931,3608.96605234906,3893.09571382506,4294.96510035729,4380.78117331128,3539.22661248299,3971.44409203423,4323.31362032709,4794.90121917259,5192.48157325878
Costa Rica,10911.497878334,11714.7105980732,12091.0301606154,12317.0902771304,12590.2493781614,12884.6859951989,12394.0493969492,12838.1185358931,13625.9008491328,16942.0268119375,18587.1532203482
Cuba,7146.70459051328,7727.91997207998,8110.55874283616,8610.60829605429,8911.46205998726,9232.26115935183,9605.27914559614,,,,
Cyprus,26993.103515625,23088.44140625,24280.056640625,26247.44921875,29120.375,29227.173828125,28130.341796875,32937.83984375,33231.04296875,36623.69140625,38674.29296875
Germany,48959.5991203133,41929.7549110722,42948.9381932694,45553.9341495339,48916.1686612154,47656.199739747,47394.8734504469,52349.2459994422,50506.5179638543,54776.7668235491,56103.7323182554
Djibouti,2214.62084142432,2376.12554719873,2510.4300076241,2618.95521147369,2718.08338799203,2837.16902340932,2844.88810647853,3025.91126413549,3133.25779772463,3381.29779710722,3552.72335079222
Dominica,8131.74876096735,8282.59874702141,8802.56172041363,8224.64896571414,9215.3085405645,9491.14995962374,7827.74842680426,8376.40414141113,9323.66089490562,9912.96212766668,10405.2787777582
Denmark,62520.4509747011,53094.0133607574,54500.9260410217,57521.5514992225,61324.7665045565,59404.2663247723,60985.4885601514,69340.7334922138,67781.0940939514,68043.5466971243,71026.4832271897
Dominican Republic,6496.45166971142,6800.95309395474,7160.44200982307,7412.71571571512,7882.98221584944,8183.01623600375,7135.22273255899,8527.0754858205,10104.2449349081,10630.431743829,10875.6618443092
Algeria,6094.69392314956,4685.05902729002,4424.98529027556,4554.66753957828,4577.21029180491,4468.45341883656,3743.5419522929,4160.55926736925,4960.30334332888,5370.477235078,5752.99076651465
Ecuador,6405.79979300441,5976.1596805651,5917.63771271481,6233.32244797718,6303.91886658338,6205.05765246766,5463.64515348598,6061.32350181711,6515.58528418336,6737.84748379638,6874.705739766
Eritrea,,,,,,,,,,,
Spain,29707.765509467,25982.4416197775,26755.6061149398,28381.3425596906,30602.4212881113,29786.5245689007,27233.9426461608,30799.4775937775,30319.4987196616,33493.2225409111,35326.7683069278
Estonia,20581.7898991695,17722.1557669523,18666.3736521706,20851.5223496861,23618.1361254581,24021.2501413306,23933.9939421065,27951.1659277744,28340.3826549406,30264.0064885057,31428.3547816104
Finland,50073.7760815871,42560.3456767103,43451.2562442158,46085.0174739036,49654.2497035329,48358.1807773701,48828.6846862799,53099.1351400148,50440.560224974,52834.2916752703,53149.7671934051
Fiji,5293.35676680464,5097.53106864695,5363.79026679243,5826.84814459328,6085.41979485376,5842.07344577597,4620.6457238014,4536.73312110335,5414.12092119088,5926.20586394763,6425.74151715712
France,43148.0459288416,36702.4323733379,37024.2157133669,38687.1626407164,41418.1766484844,40408.2848574751,39169.8606000707,43725.0999521245,40988.6396406579,44700.1384177544,46103.0840855884
Gabon,9201.36276648105,7047.12654634355,6677.07003901644,6921.73373135624,7624.2775233771,7441.1786472281,6605.80346077565,8181.40914134656,8409.2074145028,7802.82433276138,8230.04311451151
United Kingdom,47746.2421759562,45255.3449216209,41257.9085545556,40916.8115070354,43702.9976303165,43158.7411267323,40812.6794663879,47691.3768799404,47057.043229179,49944.4702124201,53246.3676145108
Georgia,4830.33486170249,4086.6223465965,4143.40125686315,4418.75206546679,4804.0546040444,4741.2832715876,4300.85701291207,5083.60695484577,6729.84659930283,8283.66960652261,9241.49122313713
Ghana,1949.90832923846,1722.77282833606,1912.47991339951,2012.28662641265,2195.32166016377,2186.65822682613,2195.45481659987,2445.18662529344,2229.89122647803,2383.90410483418,2390.77237652715
Guinea,765.146999389279,747.356966759448,711.996509782316,833.598621691121,933.273615633705,1031.34146480732,1053.66097696415,1244.96550477914,1416.59612011764,1555.49375806861,1694.95375862193
Guinea-Bissau,652.022501029449,645.066837207039,679.665386626818,783.123186602022,808.531613218504,811.216425885129,846.915855715971,926.780921081233,883.199131457831,988.087886357022,1007.74151728028
Equatorial Guinea,15548.6624656619,9068.91003238645,7453.19797948517,7809.10465655488,8102.47084834031,6804.14923073888,5764.05502912947,6945.63069794539,7589.29964909381,6677.793435386,6745.40013244916
Greece,21474.7257123892,17980.7298238137,17919.2426377048,18631.9930129293,19873.4015238771,19335.3602002969,17886.733165236,20654.7001960815,20886.5243087629,23343.7103964562,24626.1481858973
Guyana,5472.68820452237,5640.41560569466,5870.87823759835,6178.6650437298,6048.38697180418,6405.82443444562,6775.70939096303,9860.87014834386,17913.4928066879,20473.7002190617,29675.2443873316
Honduras,2179.88171977271,2271.20265980349,2307.34468351082,2413.0076562942,2464.64241531918,2502.32744328073,2307.61494319511,2735.14751503977,3003.28996826399,3227.45762509776,3426.43483328923
Croatia,14186.7295493276,12283.7840620053,12820.1653893008,13901.7878144679,15460.3669595491,15563.5987295029,14807.5608543265,17788.7865816658,18465.5414420364,22184.2279304842,24050.4397933135
Haiti,1460.18898613914,1411.12684746796,1318.40268167953,1395.23945184461,1496.38048970156,1352.17204191532,1290.32538667383,1841.33189337222,1760.62635668777,1705.75808460999,2142.62330526788
Hungary,14352.501883174,12782.9412577973,13215.8605277789,14736.1668157258,16605.0570511887,17012.8598553199,16386.9308821258,19030.628130329,18428.028825614,22230.6277875187,23292.3263882478
Indonesia,3441.06808464008,3288.22269725538,3521.46943457574,3798.88326174526,3860.95353090726,4106.94856160358,3853.70288774146,4287.17313995098,4730.83484836107,4876.30774512252,4925.43048751861
India,1553.88396075118,1583.99815907985,1707.50892912243,1950.10468280866,1966.25455171679,2041.42863698585,1907.04251637669,2239.61384367482,2347.44829434623,2530.12031278204,2694.73780859961
Ireland,57214.5379785709,64250.1385181257,64129.5571542383,72161.4047531385,80804.1123164826,81827.6688873996,86514.0706108754,103783.446284479,105190.685952731,106818.917130804,112894.953240805
Iraq,6249.39226978969,4440.14189252367,4334.42096404188,4759.2846435467,5646.68932074742,5671.8568632942,4295.18945121228,4868.49431080783,6520.73154560584,5965.31835077761,6073.61032342708
Iceland,55140.364935793,53505.6964079339,62854.0906407932,72976.3729990975,75633.8651351915,69296.3144361601,60127.9393575616,70425.4064277273,76350.4550416502,82138.7892973557,86040.5309851288
Israel,38343.3046626235,36213.1041481958,37671.5389138798,41138.470964272,42362.6652754196,44250.6313628073,44575.5719045492,52270.9040241956,54949.621556429,52003.7200729997,54176.6844383302
Italy,36028.3494022349,30639.8829751432,31391.5692898108,32844.115660604,34904.1081923834,33812.788724868,32091.4866621366,36852.5425414951,35653.9042103495,39277.0838783918,40385.3413957669
Jamaica,4975.11325459872,5339.30718256806,5302.29553353854,5605.43541173019,5976.90362644337,6030.68896415921,5299.04530804283,5625.67806271236,6626.47502388538,7542.40084275345,7753.8006955432
Jordan,4191.18050084986,4042.75678097555,3986.71677010853,4065.61628749384,4145.43989673265,4170.1144003465,4022.0401356135,4183.49998326866,4332.25159897931,4466.08314208575,4618.09592498567
Japan,38475.3952461838,34960.6393843385,39375.4731620781,38834.0529341227,39751.1330982711,40415.9567649547,40028.7341726762,40094.5599795288,34065.6438962526,33836.1756271617,32487.0778047567
Kazakhstan,12427.7094576939,10196.1226255982,7475.56688689424,8943.08416791984,9472.48527327758,9457.12614657136,8781.50797787648,9983.60103576902,11255.3396437881,12879.4275257974,14154.6324958076
Kenya,1482.81566253497,1489.11959777284,1554.12610314423,1667.48447230835,1836.45275528993,1960.40808854893,1927.66459027849,2061.35622089594,2109.56288513137,1942.58802756191,2132.43452097647
Cambodia,1431.56396469993,1547.32010444393,1675.19555711109,1826.35391688754,2036.67377566578,2225.87705485686,2081.73914242939,2167.40324198499,2325.03050040841,2429.74853452838,2627.87969756224
Kiribati,1736.70535682101,1639.85274740652,1742.66799324117,1853.05122713319,1912.73809378187,1750.9977188915,1751.78249168214,2222.04819501897,2069.7671726925,2177.70125812262,2288.63471423684
Kuwait,44368.7813457751,29882.2126495698,27323.6890735517,29047.6536135703,32067.9623756889,31707.8737443551,25236.0755848941,34018.6342592913,39981.7691035833,34075.849012909,32717.7186631255
Lebanon,7577.6413302369,7714.1099998804,8089.012088155,8608.21084982387,9174.53666204759,8905.88005497437,5561.19166950397,4045.37391066234,3654.35845534878,3477.72489842684,
Liberia,706.714490064507,692.590082351257,714.613063145659,699.269095727404,692.203127129794,658.164180770507,616.787867006715,667.96610514319,744.617175237387,799.194470229642,851.497723870206
Libya,8926.42074591474,7458.48917756374,7525.80299308216,9965.83236729757,11196.5854810844,9963.19489084483,6650.33810585348,4935.82787349801,5986.63694851258,6026.51518708812,6569.16408678648
Sri Lanka,3972.04375736464,4057.7158346231,4149.19190775593,4398.88828068715,4358.56095906047,4081.94772722003,3847.60137695639,3996.96240014909,3342.63650253855,3798.89016573011,4515.56787322732
Lesotho,1173.5377928819,1121.19851342518,992.491840678465,1069.36673247542,1170.65569702819,1082.05706777516,918.582574704447,1066.58645143823,1030.12582947757,916.282976983803,971.90771824829
Liechtenstein,178735.153020908,167187.15730982,165375.491396259,170547.092298954,174988.775083446,166907.839305016,164671.093553454,201944.830335076,188055.003235348,206780.590353385,
Luxembourg,123678.702143275,105462.012584423,106899.293549552,110193.213797228,116926.759593905,112696.649059674,116860.02817236,134965.815442152,123719.658915996,133230.619178899,137781.681659123
Latvia,15185.814581236,13321.9753140616,13838.5266823272,15132.4958333982,17252.1710428626,17294.9751600969,17564.2321549354,20261.8887788916,20221.103686109,22710.2637544197,23409.0845154775
Morocco,3435.40698242188,3146.24780273438,3140.85546875,3296.52661132813,3501.69799804688,3508.09765625,3268.0302734375,3785.93627929688,3463.1376953125,3813.72607421875,4153.1943359375
Monaco,195693.570738894,170437.101188261,173604.753555915,170663.375247872,188298.315668437,193746.785647412,176891.886538492,223823.363960226,226052.001905201,256799.788612806,288001.433369041
Moldova,3289.95758568777,2749.55137054338,2847.08794770479,3453.26727720294,4156.44981956646,4405.33418162155,4375.7788930524,5274.60582195352,5744.29618434435,6799.58594644576,7576.19589413326
Madagascar,505.684922503435,445.320069480568,453.970714522463,491.866848718929,500.45718552916,499.818837622534,450.771615201509,483.469463351195,503.51453347296,508.718427705591,544.987501003384
Maldives,8939.07416571472,9644.90655028145,9947.80744731739,10509.628805812,11423.2838427029,11740.2724029785,7393.8886543933,10176.143882547,11786.0191492983,12587.6126038651,13379.3513577224
Mexico,11391.3773497683,10021.2386118827,9097.92397674769,9649.27816772402,10084.7937562021,10369.5553585271,8841.27075039868,10314.0506722115,11405.7940473759,13860.9597809326,14185.7812248529
Marshall Islands,3735.23977829545,3764.34426229508,4229.80988911945,4592.83457628576,4858.12079054875,5292.33985502306,5661.96787336674,6315.31279603534,6455.66062185762,6793.24495895856,7726.33668877794
North Macedonia,5925.38592218015,5262.68671928674,5598.48622617967,5955.2973863451,6713.98925398989,6718.85826635458,6659.59651070776,7620.80296977508,7606.2375253797,8674.35846327485,9291.85661671864
Mali,947.915033288325,838.11986940103,872.468587171653,924.057531692284,996.379292136901,971.949318638092,953.242943290974,1027.27345365357,976.914116406452,1043.9533853528,1094.61949265799
Malta,27424.5765646694,25529.6813337717,26459.0770929988,30317.2443175543,33382.2677499267,32421.9179752262,31823.4363934505,38096.8360735119,35638.8869457406,40905.8059585057,43898.5781808597
Myanmar,1293.00042319714,1166.73305547935,1229.19713491328,1272.82241815234,1298.21310327675,1425.98954241668,1490.21683599469,1242.7213439951,1158.05005055976,1233.19666209269,1359.05001560107
Montenegro,7342.17339453427,6421.00307345999,6968.01539365317,7674.2813940676,8673.59128084795,8749.02375172644,7538.53635992191,9317.15520065156,10024.5435616209,12259.8775034436,13263.3281277699
Mongolia,4126.23975800524,3838.92126989984,3619.90026383792,3645.96708669551,4107.64288528468,4347.54610314873,4001.25193077703,4517.61578018785,4993.51487463495,5838.63108083902,6750.6301157724
Mozambique,697.142680444123,610.563774706589,441.489734819071,470.93856305196,517.507260258101,519.09255091362,462.433876479921,509.907829475551,578.251663751351,622.000297682823,656.776824637306
Mauritania,1713.00865264234,1554.94897871782,1565.76575722696,1615.00401327323,1722.93528854073,1767.072710621,1795.76459566714,1947.78918383313,1960.35240077424,2135.78187606359,2110.12036938187
Mauritius,10490.3315563853,9630.5437837507,10095.1225574156,10986.7034093005,11818.7480619272,11568.2533399824,9135.84773751062,9177.71195973013,10246.5017455553,11269.9684462139,11990.7798944837
Malawi,529.5133440206,539.605363240686,450.506105510719,495.769683367165,533.202567189331,580.889139762475,602.507478176106,617.446994451007,604.269740360317,633.214767978695,522.570393642547
Malaysia,11013.3107334403,9648.6797937523,9476.53409809923,9862.54806612235,10901.8019954421,10920.191763972,9957.52626697613,10903.1037480772,11754.5678336248,11386.0395636528,11874.4273684245
Namibia,5378.32326241205,4774.10650865775,4395.68776162376,5143.96072323076,5308.60813408705,4731.9210318831,3878.58982993966,4412.8355693052,4349.79908493314,4187.60500396525,4413.12752211572
Niger,565.30989731175,485.662574175279,502.706475406446,521.804130023434,578.568035680892,561.691304349698,579.512495758236,608.722439593808,609.745147574878,638.336080897887,735.270255787226
Nigeria,3088.72131316169,2585.73360671797,2070.4127339595,1876.34027111773,2057.87944554011,3189.81286498516,2797.18458068686,2787.48779224428,2899.16047470324,2138.76383719983,1084.16041805436
Nicaragua,1958.37047579547,2074.45620634731,2131.68704828322,2182.61380995674,2035.16549390507,1958.62051528095,1938.44704754382,2138.38588469449,2322.89053964583,2609.44492072931,2847.53966339498
Netherlands,53457.2234864322,45793.8135434697,46808.5291492503,49513.6817346384,53955.0770024266,53554.9007491475,53467.9277413737,60141.9880911492,59123.318556487,63515.6030780019,67520.4218956281
Norway,97666.6951838749,74809.9658049898,70867.3609970749,76131.8384032764,82792.8427113304,76430.5889473338,68340.0181033702,93072.8925119571,109269.520580298,87497.2179649556,86785.4334489176
Nepal,821.455224911731,875.543635474862,877.256454696737,1034.28374906846,1179.19843190389,1203.14294706401,1154.21517578318,1252.75076731986,1385.91066274851,1382.33055769304,1447.31004458428
Nauru,9230.05440328927,7747.25584993607,8748.15632605428,9656.97976571484,11413.7463016389,10801.7705659635,10709.068810538,14979.099896799,12911.9086441381,12752.4723855838,13609.158837552
New Zealand,44618.266973847,38665.3723018158,40113.7195382428,42950.3841711138,43257.0769238879,42855.831861632,41997.7830324279,49950.4251691316,49099.7090423358,49075.9562832927,49205.1792146792
Oman,23160.6502252547,18808.3077921839,17110.1897460545,17820.0661809335,19901.7615642016,19180.1864152801,16784.8630630058,19403.4600160211,23223.5829405935,21027.7384778886,20285.2272897377
Pakistan,1266.61340849959,1380.47020838317,1424.69161195897,1519.23459514248,1569.33814626355,1390.41690981745,1278.39735206896,1455.31922370186,1538.3228133171,1360.32417758419,1478.77277977996
Panama,13213.1989591137,14082.6548434996,14832.3611652459,15694.6297518495,16151.3273433486,16477.9066268111,13290.5608397749,15509.8069124139,17378.6070017557,18797.1933994045,19161.2188501596
Peru,6667.13410360861,6231.71150338894,6217.03599995447,6736.16693725487,6978.49121548627,7037.00803692604,6133.32552410183,6826.20255614477,7350.63034300417,7887.54185920108,8452.37167056621
Philippines,2866.83803761407,2909.85818010301,2985.19564024046,3038.12124959289,3168.51036609727,3400.78949767074,3227.57910235199,3484.38593882819,3548.06930572116,3804.08274131097,3984.8315387656
Palau,13863.4544155068,16154.0532152373,17150.4759377239,16401.7847567871,16166.9671073752,15846.7968470167,14708.2119536914,13009.2481630213,13729.7602761496,15610.8231931032,
Papua New Guinea,2723.17529825196,2484.5963398603,2316.39479758492,2477.76530986323,2566.36833735041,2575.77274140393,2429.61134585269,2607.57861874444,3102.28968594061,2966.06830432055,3006.70564478923
Poland,14262.2841914116,12637.5220324406,12464.0110508476,13913.3402919927,15658.2120316794,15874.5220531254,16150.9304813473,18635.5104895754,18891.2121169279,22145.2660647429,25103.565661423
Portugal,22120.6850127107,19215.7813014347,19980.2808866516,21442.3842768879,23541.1401075289,23343.3628970034,22299.4044062173,24711.4510062111,24620.5197587181,27634.6183139773,29292.242104753
Paraguay,6652.25478942461,5879.33792308762,5775.15963399596,6152.2671153779,6258.44991640984,5821.18199548738,5365.47220721104,5976.93179789949,6205.62595379319,6299.99026533713,6416.09708970845
Qatar,95840.6898934238,68985.2433380102,61253.6217997091,63279.8767486216,71039.9308240078,66841.3623185691,51683.5681078949,71751.9363398856,88701.4689763536,81816.9797967481,76688.6941743178
Romania,10031.7710755404,8977.01748158196,9404.54005870715,10727.9822007426,12416.134317959,12909.6104013244,13009.1770573223,14907.9803652143,15503.551804598,18244.4186876321,20080.2096215595
Rwanda,724.957526520906,733.998629882494,729.519133812945,758.300966509647,771.773511207309,810.051412137354,778.701498925026,829.544845263697,975.469323735369,1027.03446826565,999.65456165547
Saudi Arabia,27805.4850319422,23256.1549553531,22267.7217050387,23929.2907135982,29360.0658968566,29566.7933827436,24338.8307301067,31920.7653655643,38510.2276211037,36156.848337701,35121.6628687742
Sudan,1275.43835449219,1292.37963867188,1033.21594238281,966.505676269531,731.027465820313,709.975280761719,577.795227050781,712.122009277344,1046.24084472656,797.283447265625,984.607666015625
Senegal,1398.89137601382,1218.00613555438,1266.43957151587,1356.80518449031,1452.55612562445,1431.18128932159,1461.08720350553,1598.10676952274,1574.0281059306,1698.03387300843,1773.21829923448
Singapore,57564.8023114977,55645.6068614606,57005.5887176547,61236.251270627,66881.6067035265,65952.0378959293,61410.0792630788,80056.1288247844,90299.0694637269,85412.230345235,90674.066632628
Solomon Islands,2164.95289873002,2045.47721526649,2082.62383124213,2143.57670489272,2278.19908624102,2223.65890942466,2063.32780991967,2043.44413170658,1877.78104490956,1882.64394148042,1933.55538435227
Sierra Leone,1117.7586465721,964.575980888989,844.416411175476,779.186007841728,845.914540460932,843.712517809977,845.277557920549,885.396401885395,860.371067916096,758.329137378248,806.654650417726
El Salvador,3666.01248913873,3790.34089108162,3901.34014965811,4020.12671373919,4183.54620971358,4320.11671534627,3997.19279583709,4642.60743101342,5074.60210221806,5365.44491399171,5579.65969165029
San Marino,51260.4938347125,43146.8240435428,44359.4797662688,45192.0279766943,47950.6880557136,46630.1443120725,44326.9556746411,54176.4798021628,54190.8417700372,59879.7173015651,
Serbia,6886.67809068704,5820.3215576888,5982.37030126471,6548.03653824187,7559.86165747394,7755.632986437,8098.70955668849,9680.52798074468,10024.8191112596,12281.707946167,13679.2065983557
South Sudan,1242.73450181032,1080.14718624765,,,,,,,,,
Sao Tome and Principe,1489.67633417608,1298.10946596396,1434.87018050521,1555.79477812888,1825.59971753966,1935.2931816596,2167.22001796925,2362.58827248102,2389.73729784737,2990.6606143535,3490.56883486557
Suriname,9108.18905406764,8813.61705392067,5644.2061057532,6049.52128553675,6665.74180472239,6629.66775248603,4755.39221710693,5029.84838543953,6084.43876736445,5521.97602122638,6961.78955961526
Slovenia,24013.0682060959,20697.2748530619,21447.8377796036,23303.077705959,25888.0481065655,25814.1687167572,25392.0651093612,29192.8401933019,28360.3041467268,32660.4753581346,34301.0318686594
Sweden,59583.4584491714,51188.1652120493,51703.5088332851,53210.2233318965,54018.4554391861,51648.9892820514,52568.5726980146,60647.5416365347,54836.8907235124,54950.2834725622,57117.4877440616
Eswatini,3771.07228381938,3419.82276559528,3238.17611961364,3853.09956569679,3972.65450620357,3913.14577547336,3466.56936278145,3984.00229174306,3894.1620089869,3755.52111232464,3909.55892378182
Seychelles,15188.1902175113,15333.1051727105,16566.9946042294,17480.3651911372,18440.2340460932,19141.5118743615,14041.4754074575,14982.9111487767,16836.6721895387,18262.7115849287,17858.8226383978
Chad,1278.78981422494,993.990730610869,861.831767630746,854.46120040098,948.656629871231,893.336441643325,866.947814890409,946.358500208374,966.036468278568,949.333453674592,961.55975562506
Togo,855.584809246574,751.051987587248,772.581357620609,792.765700965864,851.120561233595,826.255209019798,863.468665870276,962.075187515872,951.232378690387,1055.01727877926,1119.38160509429
Thailand,5801.1978916205,5688.85335397884,5833.57715617098,6413.09182530343,7099.77650081458,7605.69657797759,6985.64393892574,7057.20754802279,6909.35281815827,7195.10130919449,7346.62022142185
Tajikistan,1081.54402932039,956.916310930656,788.710481734485,829.45714764957,834.288404578801,871.022372934846,834.311715460625,896.748053372182,1052.17949484894,1178.47990060249,1341.20229027672
Turkmenistan,7164.14536184006,5759.497903834,5686.98040962764,5828.4816623489,6125.05169712085,5998.0017434754,5972.72356566861,5723.30227157906,5837.84224538947,6231.91323839698,6856.65802730208
Timor-Leste,1224.74956308733,1319.59295003154,1335.54391073349,1266.17771143471,1219.46599728983,1562.36458068032,1630.86938521256,2684.92676774277,2343.24954740187,1502.41147438211,1331.9705130185
Tonga,4136.59013792529,4123.90323993332,3987.98626206287,4365.92932788383,4675.04791274385,4788.83342304684,4792.35854741522,4922.80171378368,5298.01941509951,5651.59373063157,
Tuvalu,3528.85858102782,3357.83417700071,3808.69755015909,4165.66338700106,4466.12034928245,5115.13075950206,4976.11254109571,5905.08198095343,5911.32727055301,6344.7750188689,
Tunisia,4458.97895464547,4014.94773686432,3847.80354448809,3619.03247319953,3628.10366464236,3528.87213306798,3548.65363663803,3906.93926319391,3707.29283414381,3951.11683376921,4181.13789301228
Tanzania,1022.74841308594,939.127319335938,953.0107421875,986.674011230469,1023.10626220703,1063.32250976563,1117.41528320313,1159.85656738281,1207.52062988281,1224.00219726563,1186.71691894531
Uganda,896.054795546394,862.934610355811,752.696571725656,765.218332297361,792.16570022814,822.171150036357,845.766463890124,882.791717542504,963.067314117178,1002.30913917142,1077.91278452817
Ukraine,3054.908203125,2094.47387695313,2158.46118164063,2604.28759765625,3059.0517578125,3619.86157226563,3709.76928710938,4775.94580078125,4199.6708984375,5139.59814453125,5389.47314453125
Uruguay,18322.4276767157,17125.9016800298,17009.7584207276,19184.6502617082,19249.9404677501,18315.7316980028,15757.5355995779,17881.818721099,20818.6146091144,23019.4221560046,23906.5133029408
United States,54973.4207515712,56572.9188996063,57638.1018367192,59635.0984397965,62499.8744390068,64746.4506778863,63515.9491807833,70205.050916026,76657.2488844403,81032.262117545,84534.0407841548
Uzbekistan,2674.9628382103,2803.19018021751,2753.37951427589,2190.60411562888,1813.08530813664,2041.38480729431,1978.28051860763,2258.51964119278,2578.66689394219,2878.96879292451,3161.70010632875
Vanuatu,2973.09026493408,2854.89412272653,2956.12644801489,3159.86055790126,3206.65748718811,3207.44650452083,3042.98711598286,3107.20312858002,3370.21191956953,3482.61458237637,3410.77023167097
Samoa,3982.68080202084,4084.36083819933,4147.07097674888,4307.59381964907,4231.81409469194,4351.94234943706,4099.59660548583,4021.55934894283,4132.44717734444,4822.74084650019,5392.87761915762
South Africa,6856.73137092522,6112.27382485974,5651.20585165749,6618.33508255701,6914.1780318076,6533.71121032856,5580.60383075189,6828.75624590017,6534.24867783397,6034.27208964673,6267.186814093
Zambia,1707.48573136694,1295.87788680068,1239.08527877713,1483.46577328065,1463.89997855593,1258.98619844462,951.644316655957,1127.16077872857,1447.12310138035,1330.72780576709,1187.10943350064
Zimbabwe,1372.91526173161,1387.12632595026,1408.13945253431,3445.44941020134,2270.89531874302,2184.32923855469,2059.67445384499,2613.60542083552,2536.40050223076,2195.22492079245,2497.20332208763
